sku,inRoqResult,isApendSku,inTip,inForecastNational,inVendorData
1687301,N,N,N,Y,N
1789326,N,N,N,Y,N
1836288,N,N,N,Y,N
1847024,N,N,N,Y,N
2109932,N,N,N,Y,N
2137102,Y,N,Y,Y,Y
2148740,N,N,N,Y,N
2176028,Y,N,Y,Y,Y
2185433,Y,N,Y,Y,Y
2221090,N,N,N,Y,N
2327831,N,N,N,Y,N
2341916,Y,N,Y,Y,Y
316017,N,N,N,Y,N
442305,N,N,N,Y,N
443980,Y,N,Y,Y,Y
456454,N,N,N,Y,N
462402,N,N,N,Y,N
471312,N,N,N,Y,N
477893,N,N,N,Y,N
602974,N,N,N,Y,N
607429,Y,N,Y,Y,Y
658153,N,N,N,Y,N
2069442,Y,N,Y,Y,Y
2086371,Y,N,Y,Y,Y
2176029,Y,N,Y,Y,Y
2251926,Y,N,Y,Y,Y
2321991,Y,N,Y,Y,Y
2346705,Y,N,Y,Y,Y
2349711,Y,N,Y,Y,Y
316018,N,N,N,Y,N
438473,N,N,N,Y,N
491410,N,N,N,Y,N
520714,N,N,N,Y,N
541540,Y,N,Y,Y,Y
602975,N,N,N,Y,N
71616,N,N,N,Y,N
104690,N,N,N,Y,N
126074,N,N,N,Y,N
130196,Y,N,Y,Y,Y
135803,Y,N,Y,Y,Y
156585,N,N,N,Y,N
1917866,N,N,N,Y,N
2069443,Y,N,Y,Y,Y
2159434,Y,N,Y,Y,Y
2221092,N,N,N,Y,N
2231055,N,N,N,Y,N
463908,Y,N,Y,Y,Y
491411,N,N,N,Y,N
562485,Y,N,Y,Y,Y
658155,N,N,N,Y,N
103467,N,N,N,Y,N
126075,N,N,N,Y,N
1772507,N,N,N,Y,N
2069444,Y,N,Y,Y,Y
2208674,N,N,N,Y,N
2221093,N,N,N,Y,N
2351558,Y,N,Y,Y,Y
535143,N,N,N,Y,N
550614,N,N,N,Y,N
562486,Y,N,Y,Y,Y
569100,N,N,N,Y,N
77135,N,N,N,Y,N
90662,Y,N,Y,Y,Y
17178,N,N,N,Y,N
1725401,N,N,N,Y,N
1907292,N,N,N,Y,N
1954281,Y,N,Y,Y,Y
1990696,Y,N,Y,Y,Y
2069445,Y,N,Y,Y,Y
2221094,N,N,N,Y,N
2302175,Y,N,Y,Y,Y
2351559,Y,N,Y,Y,Y
36384,Y,N,Y,Y,Y
438025,N,N,N,Y,N
509143,N,N,N,Y,N
77136,Y,N,Y,Y,Y
137921,N,N,N,Y,N
1939748,Y,N,Y,Y,Y
2325559,N,N,N,Y,N
2329005,Y,N,Y,Y,Y
2348662,Y,N,Y,Y,Y
330160,N,N,N,Y,N
462407,N,N,N,Y,N
462858,N,N,N,Y,N
509144,N,N,N,Y,N
77137,N,N,N,Y,N
84427,Y,N,Y,Y,Y
2069447,Y,N,Y,Y,Y
2208677,N,N,N,Y,N
2345044,Y,N,Y,Y,Y
2347772,Y,N,Y,Y,Y
2348663,Y,N,Y,Y,Y
495268,N,N,N,Y,N
509145,N,N,N,Y,N
569103,N,N,N,Y,N
637053,N,N,N,Y,N
658159,N,N,N,Y,N
84266,N,N,N,Y,N
1763321,Y,N,Y,Y,Y
2330951,N,N,N,Y,N
2346431,Y,N,Y,Y,Y
330162,N,N,N,Y,N
532636,Y,N,Y,Y,Y
658817,N,N,N,Y,N
102625,Y,N,Y,Y,Y
104696,N,N,N,Y,N
135980,Y,N,Y,Y,Y
2011875,Y,N,Y,Y,Y
2240628,Y,N,Y,Y,Y
333449,N,N,N,Y,N
532024,Y,N,Y,Y,Y
620684,N,N,N,Y,N
658818,N,N,N,Y,N
125847,N,N,N,Y,N
149841,N,N,N,Y,N
2138335,Y,N,Y,Y,Y
2321999,Y,N,Y,Y,Y
2346433,Y,N,Y,Y,Y
2348666,Y,N,Y,Y,Y
304938,N,N,N,Y,N
639784,Y,N,Y,Y,Y
653913,N,N,N,Y,N
658819,N,N,N,Y,N
104698,N,N,N,Y,N
1669662,Y,N,Y,Y,Y
2266695,Y,N,Y,Y,Y
360720,Y,N,Y,Y,Y
572338,Y,N,Y,Y,Y
133750,N,N,N,Y,N
2212848,Y,N,Y,Y,Y
2228328,N,N,N,Y,N
2234114,Y,N,Y,Y,Y
2261295,Y,N,Y,Y,Y
316081,N,N,N,Y,N
602092,Y,N,Y,Y,Y
139881,N,N,N,Y,N
149844,N,N,N,Y,N
2172402,Y,N,Y,Y,Y
2266697,Y,N,Y,Y,Y
2323215,N,N,N,Y,N
561035,Y,N,Y,Y,Y
575346,N,N,N,Y,N
1732538,N,N,N,Y,N
1746849,N,N,N,Y,N
2065277,Y,N,Y,Y,Y
2094608,Y,N,Y,Y,Y
2249651,Y,N,Y,Y,Y
2266698,Y,N,Y,Y,Y
2271593,Y,N,Y,Y,Y
2348714,Y,N,Y,Y,Y
2349443,Y,N,Y,Y,Y
316083,N,N,N,Y,N
37823,N,N,N,Y,N
133753,N,N,N,Y,N
2068941,Y,N,Y,Y,Y
2135829,Y,N,Y,Y,Y
2233226,Y,N,Y,Y,Y
2271594,Y,N,Y,Y,Y
2339481,N,N,N,Y,N
2345880,Y,N,Y,Y,Y
2346438,Y,N,Y,Y,Y
505633,N,N,N,Y,N
1731982,Y,N,Y,Y,Y
1744005,Y,N,Y,Y,Y
2349445,Y,N,Y,Y,Y
2349940,Y,N,Y,Y,Y
316085,N,N,N,Y,N
448827,N,N,N,Y,N
653919,N,N,N,Y,N
133755,N,N,N,Y,N
1744006,Y,N,Y,Y,Y
2003746,Y,N,Y,Y,Y
2112943,N,N,N,Y,N
2155766,Y,N,Y,Y,Y
2291242,Y,N,Y,Y,Y
2335748,Y,N,Y,Y,Y
2349446,Y,N,Y,Y,Y
2350444,Y,N,Y,Y,Y
133756,N,N,N,Y,N
143106,N,N,N,Y,N
149849,N,N,N,Y,N
1739940,Y,N,Y,Y,Y
2321933,Y,N,Y,Y,Y
2335749,Y,N,Y,Y,Y
314467,N,N,N,Y,N
316087,N,N,N,Y,N
452220,N,N,N,Y,N
505474,Y,N,Y,Y,Y
534643,N,N,N,Y,N
657656,N,N,N,Y,N
104588,N,N,N,Y,N
133757,N,N,N,Y,N
1668823,N,N,N,Y,N
1671108,N,N,N,Y,N
1768291,Y,N,Y,Y,Y
2057640,Y,N,Y,Y,Y
2112945,N,N,N,Y,N
2172903,Y,N,Y,Y,Y
2338800,Y,N,Y,Y,Y
27252,Y,N,Y,Y,Y
316088,N,N,N,Y,N
37215,Y,N,Y,Y,Y
133758,N,N,N,Y,N
1763828,N,N,N,N,N
1768292,Y,N,Y,Y,Y
1782421,N,N,N,Y,N
2112946,N,N,N,Y,N
2248810,N,N,N,Y,N
2280715,Y,N,Y,Y,Y
2284117,Y,N,Y,Y,Y
2346163,Y,N,Y,Y,Y
311958,Y,N,Y,Y,Y
449280,Y,N,Y,Y,Y
658882,N,N,N,Y,N
133759,N,N,N,Y,N
1863297,Y,N,Y,Y,Y
1886067,Y,N,Y,Y,Y
2123972,N,N,N,Y,N
2160052,Y,N,Y,Y,Y
2188061,Y,N,Y,Y,Y
2221982,N,N,N,N,N
2231945,Y,N,Y,Y,Y
2323105,Y,N,Y,Y,Y
2347712,Y,N,Y,Y,Y
449281,Y,N,Y,Y,Y
638830,Y,N,Y,Y,Y
657659,N,N,N,Y,N
133804,N,N,N,Y,N
1668826,N,N,N,Y,N
1882215,Y,N,Y,Y,Y
2195514,N,N,N,Y,N
2226889,N,N,N,Y,N
2324781,Y,N,Y,Y,Y
2346165,N,N,N,Y,N
306785,N,N,N,Y,N
48081,Y,N,Y,Y,Y
486137,N,N,N,Y,N
82425,N,N,N,Y,N
1668827,N,N,N,Y,N
2136781,Y,N,Y,Y,Y
2253051,N,N,N,Y,N
2285344,Y,N,Y,Y,Y
2342764,Y,N,Y,Y,Y
1668828,N,N,N,Y,N
1768296,Y,N,Y,Y,Y
1882217,Y,N,Y,Y,Y
2057645,Y,N,Y,Y,Y
2111897,Y,N,Y,Y,Y
2146583,Y,N,Y,Y,Y
2174861,Y,N,Y,Y,Y
2253052,N,N,N,Y,N
2314982,Y,N,Y,Y,Y
2333242,Y,N,Y,Y,Y
458400,N,N,N,Y,N
597451,Y,N,Y,Y,Y
64607,N,N,N,Y,N
122340,N,N,N,Y,N
133807,N,N,N,Y,N
1668829,N,N,N,Y,N
1768297,Y,N,Y,Y,Y
1837506,N,N,N,Y,N
1965414,N,N,N,Y,N
2182999,Y,N,Y,Y,Y
2253053,N,N,N,Y,N
2333694,Y,N,Y,Y,Y
2341875,Y,N,Y,Y,Y
306788,N,N,N,Y,N
458401,N,N,N,Y,N
467429,N,N,N,N,N
58047,N,N,N,Y,N
659327,N,N,N,Y,N
72960,N,N,N,Y,N
1837507,N,N,N,Y,N
2017830,N,N,N,Y,N
2350786,N,N,N,Y,N
316021,N,N,N,Y,N
369302,Y,N,Y,Y,Y
58048,N,N,N,Y,N
659328,N,N,N,Y,N
77254,N,N,N,Y,N
133809,N,N,N,Y,N
152691,N,N,N,Y,N
1768299,Y,N,Y,Y,Y
1837508,N,N,N,Y,N
1842692,Y,N,Y,Y,Y
2026903,Y,N,Y,Y,Y
2288516,Y,N,Y,Y,Y
2302951,Y,N,Y,Y,Y
2350787,N,N,N,Y,N
2351560,Y,N,Y,Y,Y
333726,Y,N,Y,Y,Y
512493,N,N,N,Y,N
659329,N,N,N,Y,N
1837509,N,N,N,Y,N
2203394,Y,N,Y,Y,Y
2324336,Y,N,Y,Y,Y
2343993,Y,N,Y,Y,Y
2351561,Y,N,Y,Y,Y
316023,N,N,N,Y,N
44234,N,N,N,Y,N
483514,Y,N,Y,Y,Y
604267,Y,N,Y,Y,Y
115667,N,N,N,Y,N
149129,N,N,N,Y,N
2145903,Y,N,Y,Y,Y
2213402,Y,N,Y,Y,Y
2223203,Y,N,Y,Y,Y
2330123,Y,N,Y,Y,Y
316024,N,N,N,Y,N
39673,N,N,N,Y,N
44235,Y,N,Y,Y,Y
111653,Y,N,Y,Y,Y
156591,N,N,N,Y,N
1680901,N,N,N,Y,N
2065101,N,N,N,Y,N
2128651,N,N,N,Y,N
2301450,N,N,N,Y,N
2333248,Y,N,Y,Y,Y
343863,N,N,N,Y,N
492426,Y,N,Y,Y,Y
602982,N,N,N,Y,N
2224385,N,N,N,Y,N
2224880,Y,N,Y,Y,Y
318303,N,N,N,Y,N
60275,N,N,N,Y,N
602983,N,N,N,Y,N
658162,N,N,N,Y,N
79987,N,N,N,Y,N
2122479,Y,N,Y,Y,Y
2208681,N,N,N,Y,N
2224386,N,N,N,Y,N
2318931,Y,N,Y,Y,Y
2325564,Y,N,Y,Y,Y
2349063,Y,N,Y,Y,Y
562493,Y,N,Y,Y,Y
602984,N,N,N,Y,N
658820,N,N,N,Y,N
1687268,Y,N,Y,Y,Y
1770076,Y,N,Y,Y,Y
1876493,Y,N,Y,Y,Y
2109943,N,N,N,Y,N
2128654,N,N,N,Y,N
2140344,N,N,N,Y,N
2240631,Y,N,Y,Y,Y
2309365,Y,N,Y,Y,Y
2319661,Y,N,Y,Y,Y
2336301,Y,N,Y,Y,Y
2338039,Y,N,Y,Y,Y
2346102,Y,N,Y,Y,Y
2346553,Y,N,Y,Y,Y
316028,N,N,N,Y,N
399496,N,N,N,Y,N
125850,N,N,N,Y,N
143832,N,N,N,Y,N
1876494,Y,N,Y,Y,Y
2128655,N,N,N,Y,N
2214749,N,N,N,Y,N
2248049,N,N,N,Y,N
2302183,Y,N,Y,Y,Y
369030,Y,N,Y,Y,Y
369148,N,N,N,Y,N
399497,N,N,N,Y,N
532641,N,N,N,Y,N
54987,Y,N,Y,Y,Y
77144,N,N,N,Y,N
125851,N,N,N,Y,N
155911,Y,N,Y,Y,Y
1939756,N,N,N,Y,N
2120249,N,N,N,Y,N
2228330,N,N,N,Y,N
2341811,N,N,N,Y,N
2345664,Y,N,Y,Y,Y
2346555,Y,N,Y,Y,Y
2349228,Y,N,Y,Y,Y
318307,N,N,N,Y,N
319531,N,N,N,N,N
354398,N,N,N,Y,N
356224,N,N,N,Y,N
360841,N,N,N,Y,N
399498,N,N,N,Y,N
545729,Y,N,Y,Y,Y
77145,N,N,N,Y,N
77596,N,N,N,Y,N
1746850,N,N,N,Y,N
1777801,N,N,N,Y,N
1803937,N,N,N,Y,N
1899761,Y,N,Y,Y,Y
2165683,Y,N,Y,Y,Y
2205228,Y,N,Y,Y,Y
2228331,N,N,N,Y,N
2262018,Y,N,Y,Y,Y
2317882,N,N,N,Y,N
2341812,N,N,N,Y,N
2348671,Y,N,Y,Y,Y
360798,Y,N,Y,Y,Y
37447,N,N,N,Y,N
454848,N,N,N,Y,N
602988,N,N,N,Y,N
658824,N,N,N,Y,N
108429,Y,N,Y,Y,Y
1721191,N,N,N,N,N
2191847,Y,N,Y,Y,Y
2331850,N,N,N,Y,N
2341813,Y,N,Y,Y,Y
2346395,Y,N,Y,Y,Y
379898,N,N,N,Y,N
462750,N,N,N,Y,N
532644,N,N,N,Y,N
602989,N,N,N,Y,N
658825,N,N,N,Y,N
115602,Y,N,Y,Y,Y
1818861,Y,N,Y,Y,Y
2228333,N,N,N,Y,N
2349069,Y,N,Y,Y,Y
379899,N,N,N,Y,N
467206,Y,N,Y,Y,Y
514825,Y,N,Y,Y,Y
532645,N,N,N,Y,N
637063,N,N,N,Y,N
658826,N,N,N,Y,N
151405,Y,N,Y,Y,Y
2088664,Y,N,Y,Y,Y
2175531,Y,N,Y,Y,Y
2308975,Y,N,Y,Y,Y
2340267,Y,N,Y,Y,Y
2341491,N,N,N,Y,N
2346892,Y,N,Y,Y,Y
37332,N,N,N,Y,N
658827,N,N,N,Y,N
97859,N,N,N,Y,N
1747583,Y,N,Y,Y,Y
2148640,Y,N,Y,Y,Y
2331691,N,N,N,Y,N
2335750,Y,N,Y,Y,Y
2347946,Y,N,Y,Y,Y
2348675,N,N,N,Y,N
300888,N,N,N,Y,N
569115,Y,N,Y,Y,Y
658828,N,N,N,Y,N
125857,N,N,N,Y,N
149851,N,N,N,Y,N
1662812,Y,N,Y,Y,Y
1912364,Y,N,Y,Y,Y
2212856,Y,N,Y,Y,Y
2217806,N,N,N,Y,N
2335751,Y,N,Y,Y,Y
523125,N,N,N,Y,N
75369,Y,N,Y,Y,Y
149852,N,N,N,Y,N
2028591,N,N,N,Y,N
2217807,N,N,N,Y,N
2240360,Y,N,Y,Y,Y
2344824,Y,N,Y,Y,Y
2349450,Y,N,Y,Y,Y
307504,N,N,N,Y,N
532649,N,N,N,Y,N
639795,Y,N,Y,Y,Y
149853,N,N,N,Y,N
1671111,N,N,N,Y,N
1869301,Y,N,Y,Y,Y
2017116,N,N,N,Y,N
2036160,Y,N,Y,Y,Y
304670,N,N,N,Y,N
316091,N,N,N,Y,N
394806,N,N,N,Y,N
657660,N,N,N,Y,N
67847,N,N,N,Y,N
110045,N,N,N,Y,N
133761,N,N,N,Y,N
1671112,N,N,N,Y,N
2201554,Y,N,Y,Y,Y
2347788,Y,N,Y,Y,Y
322158,N,N,N,Y,N
342417,Y,N,Y,Y,Y
110046,N,N,N,Y,N
133762,N,N,N,Y,N
149855,N,N,N,Y,N
1671113,N,N,N,Y,N
2219925,Y,N,Y,Y,Y
2260127,N,N,N,Y,N
2297208,Y,N,Y,Y,Y
2347789,Y,N,Y,Y,Y
442048,N,N,N,Y,N
602761,Y,N,Y,Y,Y
103414,N,N,N,Y,N
126022,N,N,N,Y,N
1671114,N,N,N,Y,N
2296651,Y,N,Y,Y,Y
2330850,N,N,N,Y,N
2343162,N,N,N,Y,N
58660,N,N,N,Y,N
1668830,N,N,N,Y,N
1671115,N,N,N,Y,N
2263630,Y,N,Y,Y,Y
2321941,Y,N,Y,Y,Y
2331247,N,N,N,Y,N
2343776,Y,N,Y,Y,Y
315979,N,N,N,Y,N
342302,N,N,N,Y,N
360735,Y,N,Y,Y,Y
522573,Y,N,Y,Y,Y
563325,Y,N,Y,Y,Y
81043,N,N,N,Y,N
126024,N,N,N,Y,N
141171,Y,N,Y,Y,Y
1671116,N,N,N,Y,N
2263631,Y,N,Y,Y,Y
49257,Y,N,Y,Y,Y
73638,N,N,N,Y,N
130804,N,N,N,Y,N
149859,N,N,N,Y,N
1668832,N,N,N,Y,N
1671117,N,N,N,Y,N
1876435,Y,N,Y,Y,Y
1882221,Y,N,Y,Y,Y
2097466,Y,N,Y,Y,Y
2156668,N,N,N,Y,N
2279563,Y,N,Y,Y,Y
2325958,Y,N,Y,Y,Y
2340816,Y,N,Y,Y,Y
2346171,N,N,N,Y,N
336969,N,N,N,Y,N
359739,Y,N,Y,Y,Y
512161,N,N,N,Y,N
1671118,N,N,N,Y,N
2024133,Y,N,Y,Y,Y
2285350,Y,N,Y,Y,Y
2327010,N,N,N,Y,N
2343166,N,N,N,Y,N
2346172,N,N,N,Y,N
306792,N,N,N,Y,N
316098,N,N,N,Y,N
475614,N,N,N,Y,N
49259,Y,N,Y,Y,Y
659331,N,N,N,Y,N
148195,Y,N,Y,Y,Y
149130,N,N,N,Y,N
1668834,N,N,N,Y,N
1671119,N,N,N,Y,N
1824498,Y,N,Y,Y,Y
2294261,Y,N,Y,Y,Y
2343167,N,N,N,Y,N
2346173,Y,N,Y,Y,Y
2349341,Y,N,Y,Y,Y
354673,N,N,N,Y,N
484363,N,N,N,Y,N
1668835,N,N,N,Y,N
1837512,N,N,N,Y,N
2195523,N,N,N,Y,N
2221541,N,N,N,Y,N
2247273,N,N,N,Y,N
2256958,N,N,N,Y,N
449615,N,N,N,Y,N
115670,N,N,N,Y,N
1668836,N,N,N,Y,N
1772588,Y,N,Y,Y,Y
1886078,Y,N,Y,Y,Y
1903681,Y,N,Y,Y,Y
1961362,N,N,N,Y,N
2132398,Y,N,Y,Y,Y
2179937,N,N,N,Y,N
2221542,N,N,N,Y,N
2261692,N,N,N,N,N
2294263,Y,N,Y,Y,Y
2333412,Y,N,Y,Y,Y
327288,N,N,N,Y,N
438762,N,N,N,Y,N
554592,N,N,N,Y,N
598963,N,N,N,Y,N
81049,N,N,N,Y,N
1668837,N,N,N,Y,N
1961363,N,N,N,Y,N
2146916,Y,N,Y,Y,Y
2253836,Y,N,Y,Y,Y
350328,N,N,N,Y,N
357349,Y,N,Y,Y,Y
504642,Y,N,Y,Y,Y
643404,Y,N,Y,Y,Y
101523,Y,N,Y,Y,Y
129370,N,N,N,Y,N
2179939,N,N,N,Y,N
2285850,Y,N,Y,Y,Y
2319780,Y,N,Y,Y,Y
2343828,Y,N,Y,Y,Y
350329,N,N,N,Y,N
483476,Y,N,Y,Y,Y
512167,N,N,N,Y,N
598965,N,N,N,Y,N
125474,N,N,N,Y,N
1890742,Y,N,Y,Y,Y
2112186,Y,N,Y,Y,Y
2112681,N,N,N,Y,N
2148871,Y,N,Y,Y,Y
2165016,N,N,N,Y,N
2192359,Y,N,Y,Y,Y
2349184,Y,N,Y,Y,Y
316030,N,N,N,Y,N
484368,N,N,N,Y,N
540897,Y,N,Y,Y,Y
598966,N,N,N,Y,N
1961979,N,N,N,Y,N
2003034,Y,N,Y,Y,Y
2112682,N,N,N,Y,N
2188689,Y,N,Y,Y,Y
2195528,N,N,N,Y,N
2295653,Y,N,Y,Y,Y
2330248,Y,N,Y,Y,Y
2346836,Y,N,Y,Y,Y
2349347,Y,N,Y,Y,Y
2351731,Y,N,Y,Y,Y
306799,N,N,N,Y,N
125476,N,N,N,Y,N
1779702,N,N,N,Y,N
2156441,Y,N,Y,Y,Y
2165018,N,N,N,Y,N
2294763,Y,N,Y,Y,Y
2351732,Y,N,Y,Y,Y
344879,Y,N,Y,Y,Y
438767,N,N,N,Y,N
54990,Y,N,Y,Y,Y
147400,Y,N,Y,Y,Y
1672189,Y,N,Y,Y,Y
2149765,Y,N,Y,Y,Y
2165019,N,N,N,Y,N
2309370,Y,N,Y,Y,Y
2345334,Y,N,Y,Y,Y
310192,Y,N,Y,Y,Y
316033,N,N,N,Y,N
343871,N,N,N,Y,N
360629,Y,N,Y,Y,Y
602990,N,N,N,Y,N
653994,N,N,N,Y,N
151479,Y,N,Y,Y,Y
2113125,N,N,N,Y,N
2120253,Y,N,Y,Y,Y
2184839,Y,N,Y,Y,Y
2201172,Y,N,Y,Y,Y
2342662,Y,N,Y,Y,Y
2349070,Y,N,Y,Y,Y
358010,N,N,N,Y,N
360512,Y,N,Y,Y,Y
452736,Y,N,Y,Y,Y
602991,N,N,N,Y,N
2062600,Y,N,Y,Y,Y
2102272,Y,N,Y,Y,Y
2228291,Y,N,Y,Y,Y
2260402,Y,N,Y,Y,Y
2300849,Y,N,Y,Y,Y
2329587,N,N,N,Y,N
2346678,Y,N,Y,Y,Y
318312,N,N,N,Y,N
327178,N,N,N,Y,N
48143,N,N,N,Y,N
2118528,Y,N,Y,Y,Y
2165968,N,N,N,Y,N
2239759,N,N,N,Y,N
2349234,N,N,N,Y,N
316036,N,N,N,Y,N
602993,N,N,N,Y,N
111665,Y,N,Y,Y,Y
2315160,N,N,N,Y,N
2347291,Y,N,Y,Y,Y
602994,N,N,N,Y,N
658830,N,N,N,Y,N
103647,N,N,N,Y,N
1936596,Y,N,Y,Y,Y
2120257,N,N,N,Y,N
2273050,Y,N,Y,Y,Y
2315161,N,N,N,Y,N
2322000,Y,N,Y,Y,Y
364864,N,N,N,Y,N
37292,Y,N,Y,Y,Y
454855,Y,N,Y,Y,Y
515677,N,N,N,Y,N
555376,N,N,N,Y,N
125860,N,N,N,Y,N
13299,Y,N,Y,Y,Y
1804836,Y,N,Y,Y,Y
2102276,N,N,N,Y,N
2120258,N,N,N,Y,N
2191854,N,N,N,Y,N
2317890,N,N,N,Y,N
2324685,N,N,N,Y,N
2350073,Y,N,Y,Y,Y
304951,N,N,N,Y,N
316039,N,N,N,Y,N
399551,N,N,N,Y,N
515678,Y,N,Y,Y,Y
532651,N,N,N,Y,N
78702,Y,N,Y,Y,Y
125861,N,N,N,Y,N
1822495,Y,N,Y,Y,Y
1911801,N,N,N,Y,N
1917887,N,N,N,Y,N
1925004,Y,N,Y,Y,Y
2017849,N,N,N,Y,N
2191855,N,N,N,Y,N
2234857,Y,N,Y,Y,Y
2335260,Y,N,Y,Y,Y
2348680,Y,N,Y,Y,Y
532652,N,N,N,Y,N
568185,N,N,N,Y,N
125862,N,N,N,Y,N
156156,N,N,N,Y,N
160160,N,N,N,Y,N
1804838,Y,N,Y,Y,Y
2055316,Y,N,Y,Y,Y
2160616,N,N,N,N,N
2208695,N,N,N,Y,N
2234858,Y,N,Y,Y,Y
2273053,Y,N,Y,Y,Y
2344784,Y,N,Y,Y,Y
532653,N,N,N,Y,N
557656,Y,N,Y,Y,Y
77156,N,N,N,Y,N
125863,N,N,N,Y,N
2169591,Y,N,Y,Y,Y
2184611,N,N,N,Y,N
2234859,Y,N,Y,Y,Y
2240807,N,N,N,Y,N
77157,N,N,N,Y,N
1842757,N,N,N,Y,N
1903623,Y,N,Y,Y,Y
2350077,Y,N,Y,Y,Y
305846,N,N,N,Y,N
342421,N,N,N,Y,N
659114,N,N,N,Y,N
75376,Y,N,Y,Y,Y
312362,Y,N,Y,Y,Y
47800,N,N,N,Y,N
482977,N,N,N,Y,N
557659,Y,N,Y,Y,Y
77159,N,N,N,Y,N
2350079,Y,N,Y,Y,Y
448840,N,N,N,Y,N
2090565,Y,N,Y,Y,Y
2173428,N,N,N,Y,N
2219931,Y,N,Y,Y,Y
2340936,Y,N,Y,Y,Y
304958,N,N,N,Y,N
399558,N,N,N,Y,N
488045,N,N,N,Y,N
1671120,N,N,N,Y,N
1687826,Y,N,Y,Y,Y
2013228,N,N,N,Y,N
2156671,N,N,N,Y,N
2340937,Y,N,Y,Y,Y
2351467,Y,N,Y,Y,Y
312365,Y,N,Y,Y,Y
359742,Y,N,Y,Y,Y
125869,N,N,N,Y,N
1671121,N,N,N,Y,N
1867485,N,N,N,Y,N
1911809,N,N,N,Y,N
315985,N,N,N,Y,N
360741,Y,N,Y,Y,Y
467392,N,N,N,Y,N
581764,Y,N,Y,Y,Y
1671122,N,N,N,Y,N
1733448,Y,N,Y,Y,Y
2144595,Y,N,Y,Y,Y
2323073,Y,N,Y,Y,Y
2347347,Y,N,Y,Y,Y
315986,N,N,N,Y,N
342427,N,N,N,Y,N
360580,Y,N,Y,Y,Y
39624,Y,N,Y,Y,Y
449573,N,N,N,Y,N
503987,Y,N,Y,Y,Y
538835,N,N,N,Y,N
597407,Y,N,Y,Y,Y
85065,Y,N,Y,Y,Y
124367,N,N,N,Y,N
1671123,N,N,N,Y,N
1732107,N,N,N,Y,N
1956136,N,N,N,Y,N
2198768,Y,N,Y,Y,Y
2296660,N,N,N,Y,N
2314164,Y,N,Y,Y,Y
2337547,Y,N,Y,Y,Y
337091,N,N,N,Y,N
360581,Y,N,Y,Y,Y
37186,N,N,N,Y,N
467394,N,N,N,Y,N
494448,N,N,N,Y,N
145851,N,N,N,Y,N
155814,N,N,N,Y,N
160214,N,N,N,Y,N
1671124,N,N,N,Y,N
1777659,N,N,N,Y,N
2049755,Y,N,Y,Y,Y
315988,N,N,N,Y,N
327291,N,N,N,Y,N
359746,Y,N,Y,Y,Y
442716,N,N,N,Y,N
1671125,N,N,N,Y,N
1956138,N,N,N,Y,N
2221213,N,N,N,Y,N
2310926,Y,N,Y,Y,Y
2346792,Y,N,Y,Y,Y
23534,N,N,N,Y,N
337093,N,N,N,Y,N
80775,N,N,N,Y,N
1668797,N,N,N,Y,N
1671126,N,N,N,Y,N
1955086,N,N,N,Y,N
1956139,N,N,N,Y,N
2188690,Y,N,Y,Y,Y
2199049,N,N,N,Y,N
2314167,Y,N,Y,Y,Y
2348575,Y,N,Y,Y,Y
311975,N,N,N,Y,N
350332,N,N,N,Y,N
467397,N,N,N,Y,N
644912,Y,N,Y,Y,Y
149869,N,N,N,Y,N
1668798,N,N,N,Y,N
1671127,N,N,N,Y,N
1699587,Y,N,Y,Y,Y
2164903,N,N,N,Y,N
2188691,N,N,N,Y,N
2350627,Y,N,Y,Y,Y
505494,Y,N,Y,Y,Y
590562,N,N,N,Y,N
80777,N,N,N,Y,N
1668799,N,N,N,Y,N
1671128,N,N,N,Y,N
2002264,N,N,N,Y,N
2053150,Y,N,Y,Y,Y
2059604,Y,N,Y,Y,Y
2165020,N,N,N,Y,N
2343220,Y,N,Y,Y,Y
2346344,Y,N,Y,Y,Y
2351195,Y,N,Y,Y,Y
348283,Y,N,Y,Y,Y
36344,Y,N,Y,Y,Y
601885,Y,N,Y,Y,Y
659341,N,N,N,Y,N
81056,N,N,N,Y,N
1671129,N,N,N,Y,N
1869319,N,N,N,Y,N
2002265,N,N,N,Y,N
2090501,Y,N,Y,Y,Y
2137518,N,N,N,Y,N
2165021,N,N,N,Y,N
2171420,Y,N,Y,Y,Y
2192364,Y,N,Y,Y,Y
2342330,Y,N,Y,Y,Y
2343221,Y,N,Y,Y,Y
2351196,Y,N,Y,Y,Y
631289,N,N,N,Y,N
658118,N,N,N,Y,N
149097,Y,N,Y,Y,Y
2165022,N,N,N,Y,N
2292157,Y,N,Y,Y,Y
2313775,Y,N,Y,Y,Y
23539,N,N,N,Y,N
332516,N,N,N,Y,N
342768,N,N,N,Y,N
348285,Y,N,Y,Y,Y
358130,N,N,N,Y,N
36346,Y,N,Y,Y,Y
449625,N,N,N,Y,N
62680,N,N,N,Y,N
140619,N,N,N,Y,N
145902,N,N,N,Y,N
1787349,N,N,N,Y,N
2002267,N,N,N,Y,N
2022526,Y,N,Y,Y,Y
20911,N,N,N,Y,N
2165023,N,N,N,Y,N
2239760,N,N,N,Y,N
2251117,Y,N,Y,Y,Y
2351198,Y,N,Y,Y,Y
327180,N,N,N,Y,N
354685,N,N,N,Y,N
358131,N,N,N,Y,N
360471,N,N,N,Y,N
449464,N,N,N,Y,N
590566,Y,N,Y,Y,Y
659344,N,N,N,Y,N
72644,N,N,N,Y,N
128650,Y,N,Y,Y,Y
2165024,Y,N,Y,Y,Y
2313777,Y,N,Y,Y,Y
2338167,Y,N,Y,Y,Y
358132,N,N,N,Y,N
581657,N,N,N,Y,N
626936,Y,N,Y,Y,Y
124141,N,N,N,Y,N
1748920,N,N,N,Y,N
1772482,N,N,N,Y,N
1917553,Y,N,Y,Y,Y
2144532,Y,N,Y,Y,Y
2266492,Y,N,Y,Y,Y
2335206,Y,N,Y,Y,Y
301568,N,N,N,Y,N
358133,N,N,N,Y,N
438774,N,N,N,Y,N
581658,N,N,N,Y,N
626937,Y,N,Y,Y,Y
104702,N,N,N,Y,N
2062561,N,N,N,Y,N
2097365,Y,N,Y,Y,Y
2266493,Y,N,Y,Y,Y
2349356,Y,N,Y,Y,Y
358134,N,N,N,Y,N
602051,Y,N,Y,Y,Y
67634,Y,N,Y,Y,Y
134719,Y,N,Y,Y,Y
1772484,Y,N,Y,Y,Y
1772646,Y,N,Y,Y,Y
1829508,Y,N,Y,Y,Y
1913207,N,N,N,Y,N
2017850,N,N,N,Y,N
2144534,N,N,N,Y,N
2208524,Y,N,Y,Y,Y
2348510,Y,N,Y,Y,Y
2350193,Y,N,Y,Y,Y
355624,Y,N,Y,Y,Y
358135,N,N,N,Y,N
360637,Y,N,Y,Y,Y
380734,N,N,N,Y,N
540619,N,N,N,Y,N
555046,N,N,N,Y,N
87688,N,N,N,Y,N
1900239,N,N,N,Y,N
2310990,Y,N,Y,Y,Y
2341608,Y,N,Y,Y,Y
343880,N,N,N,Y,N
358136,N,N,N,Y,N
362915,N,N,N,Y,N
452744,Y,N,Y,Y,Y
555047,Y,N,Y,Y,Y
591344,N,N,N,Y,N
658791,N,N,N,N,N
124145,N,N,N,Y,N
2330755,Y,N,Y,Y,Y
358137,N,N,N,Y,N
528156,N,N,N,Y,N
658954,N,N,N,Y,N
151984,N,N,N,Y,N
2255516,Y,N,Y,Y,Y
2266497,N,N,N,Y,N
2350402,Y,N,Y,Y,Y
358138,N,N,N,Y,N
359362,N,N,N,Y,N
653103,Y,N,Y,Y,Y
93521,N,N,N,Y,N
1770093,N,N,N,Y,N
1957258,Y,N,Y,Y,Y
2018583,N,N,N,Y,N
2095137,Y,N,Y,Y,Y
2227077,N,N,N,Y,N
2277685,N,N,N,Y,N
2348514,Y,N,Y,Y,Y
316045,N,N,N,Y,N
358139,N,N,N,Y,N
467336,N,N,N,Y,N
1716472,N,N,N,Y,N
1831122,Y,N,Y,Y,Y
1957259,N,N,N,Y,N
2077769,Y,N,Y,Y,Y
2184120,N,N,N,Y,N
2197540,Y,N,Y,Y,Y
2349244,Y,N,Y,Y,Y
32061,Y,N,Y,Y,Y
467337,N,N,N,Y,N
528159,N,N,N,Y,N
575148,N,N,N,Y,N
635736,N,N,N,Y,N
104709,N,N,N,Y,N
1671194,N,N,N,Y,N
2349245,Y,N,Y,Y,Y
442786,N,N,N,Y,N
467338,N,N,N,Y,N
508440,N,N,N,Y,N
125536,Y,N,Y,Y,Y
1833690,N,N,N,Y,N
2036612,Y,N,Y,Y,Y
2102285,Y,N,Y,Y,Y
2344007,Y,N,Y,Y,Y
2344458,Y,N,Y,Y,Y
316048,N,N,N,Y,N
359410,N,N,N,Y,N
467339,N,N,N,Y,N
77163,N,N,N,Y,N
125870,N,N,N,Y,N
1770097,N,N,N,Y,N
1833691,N,N,N,Y,N
1878458,N,N,N,Y,N
1911810,N,N,N,Y,N
1982911,N,N,N,Y,N
2241499,N,N,N,Y,N
2255241,Y,N,Y,Y,Y
2344008,Y,N,Y,Y,Y
2345070,Y,N,Y,Y,Y
2350083,Y,N,Y,Y,Y
2350407,Y,N,Y,Y,Y
343887,N,N,N,Y,N
381353,N,N,N,Y,N
54600,N,N,N,Y,N
644982,N,N,N,Y,N
77164,N,N,N,Y,N
102768,N,N,N,Y,N
141576,N,N,N,Y,N
1671197,N,N,N,Y,N
1716025,Y,N,Y,Y,Y
2013231,Y,N,Y,Y,Y
2017246,N,N,N,Y,N
2344009,Y,N,Y,Y,Y
2348690,Y,N,Y,Y,Y
453363,N,N,N,Y,N
133891,N,N,N,Y,N
1735845,Y,N,Y,Y,Y
1874283,N,N,N,Y,N
2213429,N,N,N,Y,N
2214040,Y,N,Y,Y,Y
2328918,N,N,N,Y,N
2346620,Y,N,Y,Y,Y
381355,N,N,N,Y,N
127042,N,N,N,Y,N
154547,N,N,N,Y,N
160171,Y,N,Y,Y,Y
1704282,Y,N,Y,Y,Y
1735846,Y,N,Y,Y,Y
1826115,N,N,N,Y,N
2060673,N,N,N,Y,N
2346577,Y,N,Y,Y,Y
597410,N,N,N,Y,N
124370,N,N,N,Y,N
142965,N,N,N,Y,N
1833695,N,N,N,Y,N
2161195,N,N,N,Y,N
342431,N,N,N,Y,N
597411,N,N,N,Y,N
103383,Y,N,Y,Y,Y
126315,N,N,N,Y,N
127044,N,N,N,Y,N
142966,N,N,N,Y,N
160173,N,N,N,Y,N
1833696,N,N,N,Y,N
1851227,Y,N,Y,Y,Y
2106188,Y,N,Y,Y,Y
2199050,N,N,N,Y,N
2222837,Y,N,Y,Y,Y
2291381,Y,N,Y,Y,Y
2331872,Y,N,Y,Y,Y
2350088,Y,N,Y,Y,Y
307477,N,N,N,Y,N
315991,N,N,N,Y,N
381358,N,N,N,Y,N
602109,N,N,N,Y,N
127045,N,N,N,Y,N
1768302,Y,N,Y,Y,Y
2199051,N,N,N,Y,N
2240207,Y,N,Y,Y,Y
2350089,Y,N,Y,Y,Y
349003,N,N,N,Y,N
368660,N,N,N,Y,N
488054,Y,N,Y,Y,Y
590230,Y,N,Y,Y,Y
626555,N,N,N,Y,N
91632,N,N,N,Y,N
131825,N,N,N,Y,N
147800,N,N,N,Y,N
1727100,Y,N,Y,Y,Y
2199052,N,N,N,Y,N
2219897,N,N,N,Y,N
2327095,Y,N,Y,Y,Y
2336167,Y,N,Y,Y,Y
315993,N,N,N,Y,N
47317,N,N,N,Y,N
516512,Y,N,Y,Y,Y
131826,Y,N,Y,Y,Y
1671130,N,N,N,Y,N
1727101,Y,N,Y,Y,Y
1732114,N,N,N,Y,N
1869320,N,N,N,Y,N
2028322,Y,N,Y,Y,Y
2112634,N,N,N,Y,N
482377,N,N,N,Y,N
565573,N,N,N,Y,N
131827,N,N,N,Y,N
160221,Y,N,Y,Y,Y
1671131,N,N,N,Y,N
1768305,N,N,N,Y,N
2105840,Y,N,Y,Y,Y
2348580,Y,N,Y,Y,Y
349006,N,N,N,Y,N
46761,N,N,N,Y,N
555160,N,N,N,Y,N
58506,N,N,N,Y,N
631291,N,N,N,Y,N
73202,N,N,N,Y,N
1671132,N,N,N,Y,N
1732116,N,N,N,Y,N
1770033,Y,N,Y,Y,Y
1787350,N,N,N,Y,N
1869322,Y,N,Y,Y,Y
2108019,Y,N,Y,Y,Y
2199055,N,N,N,Y,N
2217711,Y,N,Y,Y,Y
2307207,Y,N,Y,Y,Y
2333703,Y,N,Y,Y,Y
2348699,Y,N,Y,Y,Y
23541,N,N,N,Y,N
449583,N,N,N,Y,N
482379,N,N,N,Y,N
73203,N,N,N,Y,N
81060,N,N,N,Y,N
1671133,N,N,N,Y,N
1770034,Y,N,Y,Y,Y
1788242,Y,N,Y,Y,Y
1983371,Y,N,Y,Y,Y
2192648,Y,N,Y,Y,Y
2199056,N,N,N,Y,N
2327099,Y,N,Y,Y,Y
2346511,Y,N,Y,Y,Y
308751,Y,N,Y,Y,Y
349008,N,N,N,Y,N
392884,N,N,N,Y,N
149876,N,N,N,Y,N
160224,N,N,N,Y,N
1671134,N,N,N,Y,N
1883698,N,N,N,Y,N
2343506,Y,N,Y,Y,Y
2346468,Y,N,Y,Y,Y
308914,Y,N,Y,Y,Y
511729,N,N,N,Y,N
130778,Y,N,Y,Y,Y
149877,N,N,N,Y,N
150262,N,N,N,Y,N
1671135,N,N,N,Y,N
1836303,N,N,N,Y,N
2076045,Y,N,Y,Y,Y
2199058,N,N,N,Y,N
2344731,Y,N,Y,Y,Y
2345578,N,N,N,Y,N
399500,N,N,N,Y,N
610513,Y,N,Y,Y,Y
1671136,N,N,N,Y,N
1770037,N,N,N,Y,N
2299797,Y,N,Y,Y,Y
23545,N,N,N,Y,N
300185,N,N,N,Y,N
449587,N,N,N,Y,N
449631,N,N,N,Y,N
156600,N,N,N,Y,N
1671137,N,N,N,Y,N
1723049,Y,N,Y,Y,Y
2045140,Y,N,Y,Y,Y
2342294,Y,N,Y,Y,Y
2346966,Y,N,Y,Y,Y
23546,N,N,N,Y,N
399502,N,N,N,Y,N
658126,N,N,N,Y,N
140013,Y,N,Y,Y,Y
1671138,N,N,N,Y,N
1886095,Y,N,Y,Y,Y
2125782,Y,N,Y,Y,Y
2136474,Y,N,Y,Y,Y
2331314,Y,N,Y,Y,Y
2339226,Y,N,Y,Y,Y
2347740,Y,N,Y,Y,Y
300187,N,N,N,Y,N
540622,N,N,N,Y,N
658127,N,N,N,Y,N
156602,N,N,N,Y,N
1920295,N,N,N,Y,N
2125783,Y,N,Y,Y,Y
2212812,Y,N,Y,Y,Y
2336554,Y,N,Y,Y,Y
2349479,Y,N,Y,Y,Y
304698,N,N,N,Y,N
308757,Y,N,Y,Y,Y
312310,N,N,N,Y,N
563187,N,N,N,Y,N
601940,N,N,N,Y,N
1773498,Y,N,Y,Y,Y
2334322,Y,N,Y,Y,Y
2337608,Y,N,Y,Y,Y
2344736,Y,N,Y,Y,Y
304699,N,N,N,Y,N
482269,Y,N,Y,Y,Y
557941,Y,N,Y,Y,Y
566851,N,N,N,Y,N
61510,N,N,N,Y,N
616486,Y,N,Y,Y,Y
88746,N,N,N,Y,N
145868,N,N,N,Y,N
156442,N,N,N,Y,N
2155188,Y,N,Y,Y,Y
2346357,Y,N,Y,Y,Y
301620,N,N,N,Y,N
305635,Y,N,Y,Y,Y
308759,N,N,N,Y,N
330088,N,N,N,Y,N
362920,Y,N,Y,Y,Y
379904,N,N,N,Y,N
566852,N,N,N,Y,N
61511,N,N,N,Y,N
114016,N,N,N,Y,N
1848064,Y,N,Y,Y,Y
2028667,N,N,N,Y,N
2122211,Y,N,Y,Y,Y
2177068,Y,N,Y,Y,Y
2244784,N,N,N,Y,N
2310168,Y,N,Y,Y,Y
2339563,Y,N,Y,Y,Y
2346402,Y,N,Y,Y,Y
2346853,Y,N,Y,Y,Y
301577,N,N,N,Y,N
330089,N,N,N,Y,N
446469,N,N,N,Y,N
563234,N,N,N,Y,N
566853,N,N,N,Y,N
2142922,N,N,N,Y,N
2284808,N,N,N,Y,N
2323020,Y,N,Y,Y,Y
2346359,Y,N,Y,Y,Y
301622,N,N,N,Y,N
369448,Y,N,Y,Y,Y
488897,N,N,N,Y,N
1672368,N,N,N,Y,N
2247297,Y,N,Y,Y,Y
2255360,N,N,N,Y,N
2340725,Y,N,Y,Y,Y
2348970,Y,N,Y,Y,Y
330135,N,N,N,Y,N
355633,Y,N,Y,Y,Y
468188,Y,N,Y,Y,Y
1833027,Y,N,Y,Y,Y
1904802,Y,N,Y,Y,Y
2331492,N,N,N,Y,N
2341950,Y,N,Y,Y,Y
2346405,Y,N,Y,Y,Y
2346856,Y,N,Y,Y,Y
84123,N,N,N,Y,N
152883,N,N,N,Y,N
156780,Y,N,Y,Y,Y
1668581,Y,N,Y,Y,Y
1796769,Y,N,Y,Y,Y
1890764,N,N,N,Y,N
1946122,Y,N,Y,Y,Y
2341951,Y,N,Y,Y,Y
316052,N,N,N,Y,N
447084,N,N,N,Y,N
581391,N,N,N,Y,N
154053,N,N,N,Y,N
2017862,N,N,N,Y,N
2045032,Y,N,Y,Y,Y
2255363,N,N,N,Y,N
2309390,Y,N,Y,Y,Y
2331043,Y,N,Y,Y,Y
301626,N,N,N,Y,N
316053,N,N,N,Y,N
316828,Y,N,Y,Y,Y
575155,Y,N,Y,Y,Y
1668745,N,N,N,Y,N
2149786,Y,N,Y,Y,Y
301627,N,N,N,Y,N
316054,N,N,N,Y,N
343892,N,N,N,Y,N
368895,Y,N,Y,Y,Y
2149787,Y,N,Y,Y,Y
2160586,Y,N,Y,Y,Y
2319355,Y,N,Y,Y,Y
379632,N,N,N,Y,N
380748,N,N,N,Y,N
442181,N,N,N,Y,N
103665,N,N,N,Y,N
152887,N,N,N,Y,N
156171,N,N,N,Y,N
2058950,Y,N,Y,Y,Y
2301148,Y,N,Y,Y,Y
2325755,Y,N,Y,Y,Y
2334214,Y,N,Y,Y,Y
2336285,Y,N,Y,Y,Y
2338562,Y,N,Y,Y,Y
447088,N,N,N,Y,N
581395,N,N,N,Y,N
610581,Y,N,Y,Y,Y
156172,N,N,N,Y,N
2106191,Y,N,Y,Y,Y
2155737,Y,N,Y,Y,Y
2338068,N,N,N,Y,N
2345358,Y,N,Y,Y,Y
316101,N,N,N,Y,N
447089,N,N,N,Y,N
602068,N,N,N,Y,N
1668749,N,N,N,Y,N
2150788,Y,N,Y,Y,Y
2260263,Y,N,Y,Y,Y
2290161,N,N,N,Y,N
2319691,Y,N,Y,Y,Y
2346088,Y,N,Y,Y,Y
2349300,Y,N,Y,Y,Y
2350416,Y,N,Y,Y,Y
610583,Y,N,Y,Y,Y
2127343,N,N,N,Y,N
2260264,Y,N,Y,Y,Y
2320852,Y,N,Y,Y,Y
2349301,Y,N,Y,Y,Y
342717,Y,N,Y,Y,Y
472740,N,N,N,Y,N
535506,Y,N,Y,Y,Y
614148,Y,N,Y,Y,Y
1672304,N,N,N,Y,N
1810599,Y,N,Y,Y,Y
2127344,N,N,N,Y,N
2290163,N,N,N,Y,N
2320853,N,N,N,Y,N
26333,N,N,N,Y,N
308987,Y,N,Y,Y,Y
365164,N,N,N,Y,N
562237,N,N,N,Y,N
659131,N,N,N,Y,N
94879,N,N,N,Y,N
131335,N,N,N,Y,N
140245,N,N,N,Y,N
161189,N,N,N,Y,N
2120324,N,N,N,Y,N
2167206,Y,N,Y,Y,Y
2235813,Y,N,Y,Y,Y
2236209,Y,N,Y,Y,Y
2240826,Y,N,Y,Y,Y
2261201,Y,N,Y,Y,Y
2290164,N,N,N,Y,N
2301486,Y,N,Y,Y,Y
316105,N,N,N,Y,N
365165,N,N,N,Y,N
43920,Y,N,Y,Y,Y
482381,N,N,N,Y,N
54568,N,N,N,Y,N
659132,N,N,N,Y,N
1672306,N,N,N,Y,N
1686617,N,N,N,Y,N
2225518,Y,N,Y,Y,Y
2290165,Y,N,Y,Y,Y
2334715,Y,N,Y,Y,Y
306143,N,N,N,Y,N
316106,N,N,N,Y,N
446904,N,N,N,Y,N
511730,N,N,N,Y,N
156178,N,N,N,Y,N
1672307,N,N,N,Y,N
1676204,Y,N,Y,Y,Y
1869895,Y,N,Y,Y,Y
2194389,Y,N,Y,Y,Y
2241601,Y,N,Y,Y,Y
2285810,Y,N,Y,Y,Y
2290166,N,N,N,Y,N
2312675,Y,N,Y,Y,Y
349011,N,N,N,Y,N
399575,N,N,N,Y,N
659134,N,N,N,Y,N
128602,Y,N,Y,Y,Y
131338,Y,N,Y,Y,Y
1869896,N,N,N,Y,N
2235816,Y,N,Y,Y,Y
2290167,N,N,N,Y,N
2339181,Y,N,Y,Y,Y
316108,N,N,N,Y,N
659135,N,N,N,Y,N
103394,N,N,N,Y,N
1765306,Y,N,Y,Y,Y
1920574,Y,N,Y,Y,Y
2199061,N,N,N,Y,N
2349802,Y,N,Y,Y,Y
300016,N,N,N,Y,N
308261,Y,N,Y,Y,Y
31189,N,N,N,Y,N
349013,Y,N,Y,Y,Y
607359,N,N,N,Y,N
659136,N,N,N,Y,N
1681553,N,N,N,Y,N
2028331,Y,N,Y,Y,Y
2199062,N,N,N,Y,N
307489,N,N,N,Y,N
658741,N,N,N,Y,N
658859,N,N,N,Y,N
659137,N,N,N,Y,N
85244,Y,N,Y,Y,Y
85857,N,N,N,Y,N
115636,N,N,N,Y,N
1669369,N,N,N,Y,N
1879906,Y,N,Y,Y,Y
2215109,Y,N,Y,Y,Y
2329383,Y,N,Y,Y,Y
2344854,Y,N,Y,Y,Y
2349309,Y,N,Y,Y,Y
29346,N,N,N,Y,N
342445,N,N,N,Y,N
356143,Y,N,Y,Y,Y
452533,Y,N,Y,Y,Y
573151,Y,N,Y,Y,Y
658742,N,N,N,Y,N
115637,N,N,N,Y,N
134186,N,N,N,Y,N
135734,N,N,N,Y,N
156560,N,N,N,Y,N
1687234,Y,N,Y,Y,Y
1732125,N,N,N,Y,N
1869287,Y,N,Y,Y,Y
1974749,Y,N,Y,Y,Y
2199064,N,N,N,Y,N
2346475,Y,N,Y,Y,Y
356144,N,N,N,Y,N
360761,Y,N,Y,Y,Y
38914,N,N,N,Y,N
39030,Y,N,Y,Y,Y
50604,N,N,N,Y,N
562460,Y,N,Y,Y,Y
658130,N,N,N,Y,N
658743,N,N,N,Y,N
122766,N,N,N,Y,N
128283,N,N,N,Y,N
1732126,N,N,N,Y,N
1920578,Y,N,Y,Y,Y
2199065,N,N,N,Y,N
2277473,Y,N,Y,Y,Y
38915,N,N,N,Y,N
449593,N,N,N,Y,N
562461,Y,N,Y,Y,Y
156562,N,N,N,Y,N
1671143,N,N,N,Y,N
1760900,Y,N,Y,Y,Y
1785084,Y,N,Y,Y,Y
2112647,N,N,N,Y,N
2256981,N,N,N,Y,N
324015,N,N,N,Y,N
342448,N,N,N,Y,N
562462,Y,N,Y,Y,Y
658745,N,N,N,Y,N
81071,N,N,N,Y,N
147815,N,N,N,Y,N
156563,N,N,N,Y,N
1671144,N,N,N,Y,N
2221232,N,N,N,Y,N
2339845,Y,N,Y,Y,Y
331306,Y,N,Y,Y,Y
396297,Y,N,Y,Y,Y
563192,N,N,N,Y,N
616652,N,N,N,Y,N
67924,Y,N,Y,Y,Y
133794,N,N,N,Y,N
2028670,N,N,N,Y,N
2221233,N,N,N,Y,N
2224357,N,N,N,Y,N
2256983,Y,N,Y,Y,Y
2340231,Y,N,Y,Y,Y
300194,N,N,N,Y,N
353637,N,N,N,Y,N
369450,Y,N,Y,Y,Y
449596,N,N,N,Y,N
562464,Y,N,Y,Y,Y
103897,N,N,N,Y,N
160236,N,N,N,Y,N
1671146,N,N,N,Y,N
1869831,N,N,N,Y,N
2221234,N,N,N,Y,N
2242060,Y,N,Y,Y,Y
2328498,Y,N,Y,Y,Y
2340232,Y,N,Y,Y,Y
2344742,Y,N,Y,Y,Y
2349486,Y,N,Y,Y,Y
343837,N,N,N,Y,N
562960,Y,N,Y,Y,Y
658135,N,N,N,Y,N
1932381,Y,N,Y,Y,Y
2155194,Y,N,Y,Y,Y
2221235,N,N,N,Y,N
2291607,Y,N,Y,Y,Y
2346525,Y,N,Y,Y,Y
308927,Y,N,Y,Y,Y
341443,N,N,N,Y,N
343838,N,N,N,Y,N
458390,N,N,N,Y,N
562961,Y,N,Y,Y,Y
658136,N,N,N,Y,N
79348,Y,N,Y,Y,Y
156611,N,N,N,Y,N
157502,N,N,N,Y,N
1671148,N,N,N,Y,N
2221236,N,N,N,Y,N
2244790,Y,N,Y,Y,Y
2298962,Y,N,Y,Y,Y
2349532,Y,N,Y,Y,Y
485607,Y,N,Y,Y,Y
503895,Y,N,Y,Y,Y
560072,N,N,N,Y,N
578280,Y,N,Y,Y,Y
658137,N,N,N,Y,N
104673,N,N,N,Y,N
133798,N,N,N,Y,N
140637,N,N,N,Y,N
1671149,N,N,N,Y,N
1881362,N,N,N,Y,N
2183474,Y,N,Y,Y,Y
2335222,Y,N,Y,Y,Y
2347751,Y,N,Y,Y,Y
308929,Y,N,Y,Y,Y
616495,N,N,N,Y,N
616657,N,N,N,Y,N
658138,N,N,N,Y,N
156613,N,N,N,Y,N
1672374,N,N,N,Y,N
341284,Y,N,Y,Y,Y
36410,Y,N,Y,Y,Y
658139,N,N,N,Y,N
81078,N,N,N,Y,N
1672375,N,N,N,Y,N
2147836,Y,N,Y,Y,Y
301630,N,N,N,Y,N
36411,Y,N,Y,Y,Y
1672376,N,N,N,Y,N
2284817,Y,N,Y,Y,Y
2300421,Y,N,Y,Y,Y
2347259,Y,N,Y,Y,Y
362931,N,N,N,Y,N
399517,N,N,N,Y,N
147382,Y,N,Y,Y,Y
1668750,N,N,N,Y,N
1672377,N,N,N,Y,N
1786362,N,N,N,Y,N
1897341,N,N,N,Y,N
2094873,Y,N,Y,Y,Y
2232923,N,N,N,Y,N
2321979,Y,N,Y,Y,Y
2345360,Y,N,Y,Y,Y
301470,N,N,N,Y,N
84131,N,N,N,Y,N
1668751,N,N,N,Y,N
1732515,N,N,N,Y,N
2155740,Y,N,Y,Y,Y
2177575,N,N,N,Y,N
2224905,N,N,N,Y,N
2332554,Y,N,Y,Y,Y
2342850,Y,N,Y,Y,Y
2347918,Y,N,Y,Y,Y
417194,N,N,N,Y,N
458397,N,N,N,Y,N
541529,N,N,N,Y,N
566865,N,N,N,Y,N
93493,Y,N,Y,Y,Y
158689,N,N,N,Y,N
1672379,N,N,N,Y,N
2149793,Y,N,Y,Y,Y
2232925,N,N,N,Y,N
2300262,Y,N,Y,Y,Y
2300424,Y,N,Y,Y,Y
2335723,Y,N,Y,Y,Y
308204,Y,N,Y,Y,Y
380754,N,N,N,Y,N
542754,N,N,N,Y,N
639810,Y,N,Y,Y,Y
133849,N,N,N,Y,N
154062,N,N,N,Y,N
2219570,Y,N,Y,Y,Y
2230531,N,N,N,Y,N
127171,Y,N,Y,Y,Y
152894,N,N,N,Y,N
1668754,N,N,N,Y,N
1846954,N,N,N,Y,N
1913229,N,N,N,Y,N
2155743,Y,N,Y,Y,Y
2230532,Y,N,Y,Y,Y
330643,N,N,N,N,N
639812,Y,N,Y,Y,Y
151391,Y,N,Y,Y,Y
154064,N,N,N,Y,N
1845118,Y,N,Y,Y,Y
2131470,N,N,N,Y,N
2149796,Y,N,Y,Y,Y
2213442,N,N,N,Y,N
2332558,Y,N,Y,Y,Y
2339623,Y,N,Y,Y,Y
308991,Y,N,Y,Y,Y
359706,Y,N,Y,Y,Y
380757,N,N,N,Y,N
453495,Y,N,Y,Y,Y
111242,N,N,N,Y,N
127173,Y,N,Y,Y,Y
129117,N,N,N,Y,N
1668800,N,N,N,Y,N
1786368,Y,N,Y,Y,Y
2047439,N,N,N,Y,N
2185481,Y,N,Y,Y,Y
2311453,Y,N,Y,Y,Y
2343908,N,N,N,Y,N
308208,Y,N,Y,Y,Y
316065,N,N,N,Y,N
326028,N,N,N,N,N
338890,Y,N,Y,Y,Y
44276,Y,N,Y,Y,Y
126283,N,N,N,Y,N
156956,N,N,N,Y,N
1668801,N,N,N,Y,N
1672310,N,N,N,Y,N
1716041,Y,N,Y,Y,Y
2002060,N,N,N,Y,N
2136873,Y,N,Y,Y,Y
2230986,N,N,N,Y,N
306760,N,N,N,Y,N
308209,Y,N,Y,Y,Y
316110,N,N,N,Y,N
361273,Y,N,Y,Y,Y
380759,N,N,N,Y,N
1668802,N,N,N,Y,N
2120286,Y,N,Y,Y,Y
2136874,Y,N,Y,Y,Y
2167663,N,N,N,Y,N
2236215,Y,N,Y,Y,Y
2279533,Y,N,Y,Y,Y
2317134,Y,N,Y,Y,Y
306761,N,N,N,Y,N
319073,Y,N,Y,Y,Y
1669370,N,N,N,Y,N
1672312,N,N,N,Y,N
1904701,Y,N,Y,Y,Y
1938452,Y,N,Y,Y,Y
2236667,Y,N,Y,Y,Y
2349310,Y,N,Y,Y,Y
306762,N,N,N,Y,N
316068,N,N,N,Y,N
44279,Y,N,Y,Y,Y
658861,N,N,N,Y,N
77183,N,N,N,Y,N
11915,N,N,N,Y,N
126286,N,N,N,Y,N
1975759,Y,N,Y,Y,Y
2260274,Y,N,Y,Y,Y
2305102,Y,N,Y,Y,Y
2341850,Y,N,Y,Y,Y
399699,Y,N,Y,Y,Y
658862,N,N,N,Y,N
77184,N,N,N,Y,N
11916,N,N,N,Y,N
126287,N,N,N,Y,N
128564,Y,N,Y,Y,Y
154565,N,N,N,Y,N
1668805,N,N,N,Y,N
1669372,N,N,N,Y,N
2030955,N,N,N,Y,N
319076,Y,N,Y,Y,Y
329985,Y,N,Y,Y,Y
484334,N,N,N,Y,N
567035,Y,N,Y,Y,Y
609308,Y,N,Y,Y,Y
634418,N,N,N,Y,N
659141,N,N,N,Y,N
154566,N,N,N,Y,N
1668806,N,N,N,Y,N
1866941,Y,N,Y,Y,Y
2349313,Y,N,Y,Y,Y
307494,Y,N,Y,Y,Y
327591,N,N,N,Y,N
349632,Y,N,Y,Y,Y
360549,Y,N,Y,Y,Y
36307,Y,N,Y,Y,Y
567649,Y,N,Y,Y,Y
658864,N,N,N,Y,N
659142,N,N,N,Y,N
141642,N,N,N,Y,N
1668807,N,N,N,Y,N
1669374,N,N,N,Y,N
1879911,Y,N,Y,Y,Y
1920581,Y,N,Y,Y,Y
2030957,N,N,N,Y,N
2179908,Y,N,Y,Y,Y
2271013,N,N,N,Y,N
2320252,Y,N,Y,Y,Y
2342087,Y,N,Y,Y,Y
2342744,Y,N,Y,Y,Y
2346759,Y,N,Y,Y,Y
327303,Y,N,Y,Y,Y
350631,N,N,N,Y,N
1668808,N,N,N,Y,N
2159532,N,N,N,Y,N
2346480,Y,N,Y,Y,Y
2346598,Y,N,Y,Y,Y
307540,Y,N,Y,Y,Y
380648,N,N,N,Y,N
132572,N,N,N,Y,N
1668809,N,N,N,Y,N
2342746,Y,N,Y,Y,Y
2349929,Y,N,Y,Y,Y
306768,N,N,N,Y,N
316000,N,N,N,Y,N
393951,N,N,N,Y,N
644718,N,N,N,Y,N
659145,N,N,N,Y,N
1672319,N,N,N,Y,N
1749729,Y,N,Y,Y,Y
2119060,Y,N,Y,Y,Y
2342747,Y,N,Y,Y,Y
306813,N,N,N,Y,N
307498,Y,N,Y,Y,Y
316119,N,N,N,Y,N
323742,Y,N,Y,Y,Y
644719,N,N,N,Y,N
2205650,Y,N,Y,Y,Y
2302887,Y,N,Y,Y,Y
2306171,Y,N,Y,Y,Y
2314190,Y,N,Y,Y,Y
37374,Y,N,Y,Y,Y
658869,N,N,N,Y,N
659147,N,N,N,Y,N
160196,N,N,N,Y,N
1669379,N,N,N,Y,N
1761303,Y,N,Y,Y,Y
1842673,Y,N,Y,Y,Y
2120222,N,N,N,Y,N
2197615,N,N,N,N,N
2350155,N,N,N,Y,N
319460,Y,N,Y,Y,Y
443471,Y,N,Y,Y,Y
446919,N,N,N,Y,N
593376,N,N,N,Y,N
631634,N,N,N,Y,N
107961,Y,N,Y,Y,Y
1666418,N,N,N,Y,N
2338466,Y,N,Y,Y,Y
2340517,Y,N,Y,Y,Y
316004,N,N,N,Y,N
329875,N,N,N,Y,N
393955,Y,N,Y,Y,Y
482893,N,N,N,Y,N
562470,Y,N,Y,Y,Y
658140,N,N,N,Y,N
1666419,N,N,N,Y,N
2338016,Y,N,Y,Y,Y
308932,Y,N,Y,Y,Y
342295,N,N,N,Y,N
39159,Y,N,Y,Y,Y
586745,N,N,N,Y,N
616660,N,N,N,Y,N
1938508,Y,N,Y,Y,Y
311713,N,N,N,Y,N
316006,N,N,N,Y,N
81081,N,N,N,Y,N
126062,N,N,N,Y,N
1904272,Y,N,Y,Y,Y
2127904,Y,N,Y,Y,Y
2139163,Y,N,Y,Y,Y
2246407,Y,N,Y,Y,Y
306819,N,N,N,Y,N
380538,N,N,N,Y,N
562473,Y,N,Y,Y,Y
90929,N,N,N,Y,N
126063,N,N,N,Y,N
140643,N,N,N,Y,N
2325545,Y,N,Y,Y,Y
2346371,Y,N,Y,Y,Y
302643,N,N,N,Y,N
302805,N,N,N,Y,N
357995,N,N,N,Y,N
562474,Y,N,Y,Y,Y
602965,N,N,N,Y,N
63425,N,N,N,Y,N
658144,N,N,N,Y,N
1672380,N,N,N,Y,N
1776231,N,N,N,Y,N
2102408,Y,N,Y,Y,Y
2156418,Y,N,Y,Y,Y
2346372,Y,N,Y,Y,Y
342299,N,N,N,Y,N
532621,Y,N,Y,Y,Y
658145,N,N,N,Y,N
1672381,N,N,N,Y,N
1829486,Y,N,Y,Y,Y
2137546,N,N,N,Y,N
2201643,Y,N,Y,Y,Y
2217736,Y,N,Y,Y,Y
2251143,N,N,N,Y,N
308937,Y,N,Y,Y,Y
324524,Y,N,Y,Y,Y
341291,Y,N,Y,Y,Y
379920,N,N,N,Y,N
532622,Y,N,Y,Y,Y
60259,Y,N,Y,Y,Y
157963,N,N,N,Y,N
1672382,N,N,N,Y,N
2349209,Y,N,Y,Y,Y
302808,N,N,N,Y,N
464962,Y,N,Y,Y,Y
594201,N,N,N,Y,N
616666,N,N,N,Y,N
658147,N,N,N,Y,N
118705,N,N,N,Y,N
147217,Y,N,Y,Y,Y
1672383,N,N,N,Y,N
2212788,N,N,N,Y,N
399524,N,N,N,Y,N
658148,N,N,N,Y,N
75345,N,N,N,Y,N
133853,N,N,N,Y,N
143203,Y,N,Y,Y,Y
156623,N,N,N,Y,N
1869845,Y,N,Y,Y,Y
2251146,N,N,N,Y,N
2259553,Y,N,Y,Y,Y
2333000,Y,N,Y,Y,Y
2347924,Y,N,Y,Y,Y
443976,Y,N,Y,Y,Y
47068,N,N,N,Y,N
14704,N,N,N,Y,N
156624,N,N,N,Y,N
2221087,N,N,N,Y,N
2321987,Y,N,Y,Y,Y
2345530,Y,N,Y,Y,Y
314565,Y,N,Y,Y,Y
616669,N,N,N,Y,N
658645,N,N,N,Y,N
89207,N,N,N,Y,N
156625,N,N,N,Y,N
1803597,Y,N,Y,Y,Y
2068548,Y,N,Y,Y,Y
2148738,N,N,N,Y,N
2208669,N,N,N,Y,N
2327829,N,N,N,Y,N
362941,N,N,N,Y,N
658646,N,N,N,Y,N
1824586,Y,N,Y,Y,Y
2338404,N,N,N,Y,N
2348700,Y,N,Y,Y,Y
2349385,Y,N,Y,Y,Y
330154,N,N,N,Y,N
379926,N,N,N,Y,N
482831,N,N,N,Y,N
491408,N,N,N,Y,N
653903,Y,N,Y,Y,Y
104688,Y,N,Y,Y,Y
2319370,N,N,N,Y,N
2338406,N,N,N,Y,N
2341475,Y,N,Y,Y,Y
2348702,Y,N,Y,Y,Y
482833,N,N,N,Y,N
658649,N,N,N,Y,N
1744281,N,N,N,Y,N
2216574,N,N,N,Y,N
2270196,Y,N,Y,Y,Y
2338407,N,N,N,Y,N
2342529,Y,N,Y,Y,Y
2348992,Y,N,Y,Y,Y
482834,N,N,N,Y,N
2097280,Y,N,Y,Y,Y
2340135,N,N,N,Y,N
308216,Y,N,Y,Y,Y
11425,N,N,N,Y,N
133743,N,N,N,Y,N
149179,N,N,N,Y,N
2340136,N,N,N,Y,N
2343142,Y,N,Y,Y,Y
316074,N,N,N,Y,N
330654,N,N,N,Y,N
401934,Y,N,Y,Y,Y
482836,N,N,N,Y,N
487011,N,N,N,Y,N
593815,Y,N,Y,Y,Y
149837,N,N,N,Y,N
1668810,N,N,N,Y,N
2249643,Y,N,Y,Y,Y
2269407,Y,N,Y,Y,Y
2291231,N,N,N,Y,N
2303895,Y,N,Y,Y,Y
316075,N,N,N,Y,N
602086,Y,N,Y,Y,Y
85038,N,N,N,Y,N
1672320,N,N,N,Y,N
2249644,Y,N,Y,Y,Y
2348383,Y,N,Y,Y,Y
306770,N,N,N,Y,N
391956,N,N,N,N,N
53197,N,N,N,Y,N
92662,N,N,N,Y,N
133746,N,N,N,Y,N
149839,N,N,N,Y,N
1734647,Y,N,Y,Y,Y
316121,N,N,N,Y,N
359719,Y,N,Y,Y,Y
438243,N,N,N,Y,N
515265,N,N,N,Y,N
11924,N,N,N,Y,N
133747,N,N,N,Y,N
2249646,Y,N,Y,Y,Y
2342093,Y,N,Y,Y,Y
316122,N,N,N,Y,N
37818,Y,N,Y,Y,Y
658871,N,N,N,Y,N
133748,N,N,N,Y,N
1668814,N,N,N,Y,N
1676176,N,N,N,Y,N
1863286,Y,N,Y,Y,Y
2123961,N,N,N,Y,N
2193225,Y,N,Y,Y,Y
2328946,Y,N,Y,Y,Y
304702,N,N,N,Y,N
306773,N,N,N,Y,N
362339,N,N,N,Y,N
446921,N,N,N,Y,N
487016,N,N,N,Y,N
658872,N,N,N,Y,N
1732093,N,N,N,Y,N
2219632,Y,N,Y,Y,Y
2335129,Y,N,Y,Y,Y
316124,N,N,N,Y,N
385443,N,N,N,Y,N
534636,N,N,N,Y,N
126298,N,N,N,Y,N
152343,N,N,N,Y,N
1926882,N,N,N,Y,N
2128094,N,N,N,Y,N
2276874,N,N,N,Y,N
2334077,Y,N,Y,Y,Y
2349936,Y,N,Y,Y,Y
659152,N,N,N,Y,N
1727082,Y,N,Y,Y,Y
2276875,N,N,N,Y,N
2351664,Y,N,Y,Y,Y
398252,Y,N,Y,Y,Y
606980,Y,N,Y,Y,Y
630415,Y,N,Y,Y,Y
659153,N,N,N,Y,N
70789,N,N,N,Y,N
90930,N,N,N,Y,N
1668818,N,N,N,Y,N
1727083,Y,N,Y,Y,Y
1902439,N,N,N,Y,N
1914850,N,N,N,Y,N
1983223,Y,N,Y,Y,Y
2189396,Y,N,Y,Y,Y
2288954,Y,N,Y,Y,Y
2335960,Y,N,Y,Y,Y
2351665,Y,N,Y,Y,Y
306777,N,N,N,Y,N
90931,N,N,N,Y,N
1668819,N,N,N,Y,N
2249039,Y,N,Y,Y,Y
2260946,Y,N,Y,Y,Y
2321155,Y,N,Y,Y,Y
2351666,N,N,N,Y,N
1668991,N,N,N,Y,N
1975657,Y,N,Y,Y,Y
2340975,N,N,N,Y,N
2341866,N,N,N,Y,N
2346492,Y,N,Y,Y,Y
306823,N,N,N,Y,N
318244,Y,N,Y,Y,Y
37383,N,N,N,Y,N
38931,N,N,N,Y,N
452218,N,N,N,Y,N
516497,N,N,N,Y,N
640552,N,N,N,Y,N
1668992,N,N,N,Y,N
1975658,N,N,N,Y,N
2017821,N,N,N,Y,N
2054965,N,N,N,Y,N
2108046,N,N,N,Y,N
2219638,N,N,N,Y,N
2304723,Y,N,Y,Y,Y
2343982,Y,N,Y,Y,Y
2348437,Y,N,Y,Y,Y
2350821,Y,N,Y,Y,Y
2351668,Y,N,Y,Y,Y
322529,Y,N,Y,Y,Y
342464,N,N,N,Y,N
38932,N,N,N,Y,N
49011,N,N,N,Y,N
545667,N,N,N,N,N
608928,Y,N,Y,Y,Y
659157,N,N,N,Y,N
1823972,Y,N,Y,Y,Y
1848029,Y,N,Y,Y,Y
2156422,Y,N,Y,Y,Y
2346494,Y,N,Y,Y,Y
2346818,Y,N,Y,Y,Y
2348438,Y,N,Y,Y,Y
306825,N,N,N,Y,N
358602,N,N,N,Y,N
360780,N,N,N,Y,N
37385,Y,N,Y,Y,Y
39662,Y,N,Y,Y,Y
452715,Y,N,Y,Y,Y
659158,N,N,N,Y,N
1789323,N,N,N,Y,N
1930398,Y,N,Y,Y,Y
2127911,Y,N,Y,Y,Y
2219522,Y,N,Y,Y,Y
2288508,Y,N,Y,Y,Y
39663,Y,N,Y,Y,Y
602971,N,N,N,Y,N
658150,N,N,N,Y,N
147338,Y,N,Y,Y,Y
1847022,Y,N,Y,Y,Y
1914856,Y,N,Y,Y,Y
2288509,Y,N,Y,Y,Y
2336244,Y,N,Y,Y,Y
2342599,Y,N,Y,Y,Y
2344425,N,N,N,Y,N
2346702,Y,N,Y,Y,Y
37387,Y,N,Y,Y,Y
39664,Y,N,Y,Y,Y
520711,N,N,N,Y,N
157473,N,N,N,Y,N
1668707,Y,N,Y,Y,Y
1789325,N,N,N,Y,N
1917863,N,N,N,Y,N
2168297,Y,N,Y,Y,Y
307890,N,N,N,Y,N
316016,N,N,N,Y,N
84377,N,N,N,Y,N
